Patient_ID,Age_Years,Illness_Severity_Score,Hospital_Length_of_Stay_Days
PT_001,68,7.9,15.5
PT_002,81,8.2,15.4
PT_003,58,8.1,13.3
PT_004,44,5.7,10.1
PT_005,72,10.0,13.1
PT_006,37,3.5,3.9
PT_007,50,4.9,9.2
PT_008,68,6.3,9.2
PT_009,48,3.3,6.8
PT_010,52,7.2,10.6
PT_011,40,6.4,6.9
PT_012,40,5.0,9.5
PT_013,53,4.8,8.0
PT_014,82,4.9,9.7
PT_015,65,5.1,7.6
PT_016,69,7.6,11.8
PT_017,53,5.3,12.5
PT_018,32,4.0,7.7
PT_019,51,6.3,11.7
PT_020,82,8.8,11.7
PT_021,31,4.9,13.3
PT_022,53,6.1,14.1
PT_023,73,8.7,16.6
PT_024,59,6.2,12.3
PT_025,67,5.9,10.5
PT_026,31,5.6,10.2
PT_027,50,5.1,11.2
PT_028,62,5.5,8.6
PT_029,41,7.0,10.3
PT_030,51,5.1,5.8
PT_031,73,2.7,5.2
PT_032,54,6.2,13.8
PT_033,78,6.3,10.5
PT_034,56,5.4,9.0
PT_035,71,7.2,12.7
PT_036,57,5.6,6.6
PT_037,45,5.6,11.5
PT_038,44,2.2,8.1
PT_039,76,5.4,10.8
PT_040,80,9.1,17.8
PT_041,73,6.6,8.7
PT_042,84,4.7,13.0
PT_043,81,5.4,8.6
PT_044,32,3.1,3.8
PT_045,66,6.5,10.6
PT_046,80,6.4,15.0
PT_047,36,3.8,7.2
PT_048,50,5.5,7.7
PT_049,38,5.6,6.9
PT_050,68,6.0,10.3
PT_051,47,4.5,4.4
PT_052,33,4.0,4.9
PT_053,54,6.2,13.6
PT_054,43,5.1,11.6
PT_055,79,8.1,13.0
PT_056,38,3.2,5.7
PT_057,55,4.6,8.7
PT_058,82,8.3,18.3
PT_059,31,3.3,7.4
PT_060,49,7.5,13.8
PT_061,57,8.0,12.3
PT_062,76,8.9,14.3
PT_063,36,3.5,8.2
PT_064,73,6.8,11.9
PT_065,37,4.1,3.9
PT_066,76,8.2,15.9
PT_067,64,8.8,12.6
PT_068,43,6.5,14.9
PT_069,46,5.3,10.7
PT_070,65,5.7,10.3
PT_071,79,7.9,13.9
PT_072,69,4.6,8.7
PT_073,33,5.5,8.3
PT_074,31,3.2,6.9
PT_075,35,5.7,11.3
PT_076,83,6.9,11.0
PT_077,71,6.0,9.4
PT_078,33,3.3,5.9
PT_079,83,6.6,13.5
PT_080,58,6.7,14.1
PT_081,47,6.9,11.9
PT_082,55,6.5,12.1
PT_083,73,8.7,12.6
PT_084,63,10.0,17.0
PT_085,39,4.5,9.3
PT_086,65,5.9,9.0
PT_087,43,3.0,2.9
PT_088,60,7.8,10.1
PT_089,77,8.8,12.8
PT_090,44,3.9,9.9
PT_091,37,5.8,12.8
PT_092,43,7.0,10.4
PT_093,52,5.9,9.3
PT_094,69,7.7,13.1
PT_095,50,5.8,10.0
PT_096,45,3.4,8.8
PT_097,74,8.3,12.4
PT_098,47,7.3,13.6
PT_099,76,7.9,12.5
PT_100,82,5.7,12.2
PT_101,53,4.5,7.9
PT_102,55,4.1,6.8
PT_103,54,6.9,15.2
PT_104,74,8.6,15.9
PT_105,70,7.1,8.3
PT_106,58,7.3,11.0
PT_107,44,3.9,10.0
PT_108,74,6.9,9.4
PT_109,30,2.4,7.0
PT_110,54,4.5,9.8
PT_111,36,6.1,8.6
PT_112,38,4.5,8.1
PT_113,53,7.5,7.9
PT_114,30,5.3,12.5
PT_115,73,10.0,14.8
PT_116,37,5.0,10.3
PT_117,53,3.5,8.5
PT_118,40,4.9,11.4
PT_119,80,5.6,9.5
PT_120,46,6.8,11.5
PT_121,37,4.9,9.7
PT_122,64,6.0,12.2
PT_123,64,6.0,12.8
PT_124,62,7.2,10.9
PT_125,34,4.0,6.2
PT_126,71,7.7,15.4
PT_127,68,8.0,8.9
PT_128,70,6.0,13.7
PT_129,57,4.5,7.9
PT_130,36,4.0,7.5
PT_131,38,6.0,8.6
PT_132,37,5.0,8.6
PT_133,41,6.0,12.6
PT_134,63,8.8,15.4
PT_135,62,6.4,11.9
PT_136,77,5.6,10.4
PT_137,84,8.8,11.3
PT_138,52,5.7,8.2
PT_139,53,7.0,10.8
PT_140,66,7.9,13.7
PT_141,64,4.8,9.2
PT_142,73,8.7,15.9
PT_143,69,7.8,13.7
PT_144,51,4.6,8.6
PT_145,56,6.3,15.2
PT_146,64,6.6,12.0
PT_147,30,4.5,7.1
PT_148,64,7.5,16.0
PT_149,66,8.5,15.9
PT_150,76,6.8,15.3
