Year,Corps2,Corps3,Corps4,Corps5,Corps7,Corps8,Corps9,Corps10,Corps14,Corps15
1875,0,0,0,0,1,1,0,0,1,0
1876,0,0,1,0,0,0,0,0,1,1
1877,0,0,0,0,1,0,0,1,2,0
1878,2,1,1,0,0,0,0,1,1,0
1879,0,1,1,2,0,1,0,0,1,0
1880,2,1,1,1,0,0,2,1,3,0
1881,0,2,1,0,1,0,1,0,0,0
1882,0,0,0,0,0,1,1,2,4,1
1883,1,2,0,1,1,0,1,0,0,0
1884,1,0,0,0,1,0,0,2,1,1
1885,0,0,0,0,0,0,2,0,0,1
1886,0,0,1,1,0,0,1,0,3,0
1887,2,1,0,0,2,1,1,0,2,0
1888,1,0,0,1,0,0,0,0,1,0
1889,1,1,0,1,0,0,1,2,0,2
1890,0,2,0,1,2,0,2,1,2,2
1891,0,1,1,1,1,1,0,3,1,0
1892,2,0,1,1,0,1,1,0,1,0
1893,0,0,0,1,2,0,0,1,0,0
1894,0,0,0,0,0,1,0,1,0,0
