OBJECTID,RG_FEA_KEY,RG_REF_CODE,RG_VICINITY_NAME,RG_ADRS_TEXT,RG_ESTABLISHED_DATE,RG_END_DATE,RG_STATUS,RG_COMMENTS_TEXT,RG_ASSETNUM,RG_NORTHING_Y_COORD,RG_EASTING_X_COORD,RG_ELEVATION_NBR,x,y
489,11,RG07,"Whitman Middle School
","15th Ave NW & NW 95th St.
",3/1/1964 12:00:00 AM,,Active,,,258268.99998042,1260065.00007629,356,1260065.00007628,258268.999980405
490,17,RG12,Catherine Blaine Elementary School,"34th Ave & W. Raye St.
",9/1/1976 12:00:00 AM,,Active,"Table 1-1, Seattle Rain Gauges (1978) shows a note * was station number 21 through December 1977.
",,238312.00002584,1254182.99994281,209,1254182.99994279,238312.000025824
491,13,RG09,Woodland Park Zoo,5500 Phinney Ave N,6/11/2007 12:00:00 AM,,Active,Rain Forest Food Pavillion,,247527.00009842,1265966.00001779,370,1265966.00001778,247527.000098407
492,23,RG16,Metro-KC E.Marginal Way,E. Marginal Way & 13th Ave,2/1/1970 12:00:00 AM,,Active,,,199283.9999895,1273738.99996103,34,1273738.99996102,199283.99998948
493,9,RG05,"Fauntleroy Ferry Dock
","Fauntleroy Ferry Dock
",7/1/1968 12:00:00 AM,,Active,,,194722.00011323,1254354.99994297,23,1254354.99994296,194722.000113234
494,31,RG25,Gafield Community Center,2323 E. Cherry St.,5/27/2010 12:00:00 AM,,Active,Replaced RG20,,225146.364,1278087.456,,1278088.88700506,225146.363725558
495,33,RG35,Capital Hill Library,425 Harvard Ave E,10/18/2016 12:00:00 AM,,Active,New rain gauge,,230772.82497881,1273212.49679254,,1273212.49679253,230772.824978799
496,35,RG33,Fire Station #38,4004 NE 55th St,8/24/2016 12:00:00 AM,,Active,New rain gauge,,247309.84803422,1282910.07222557,,1282910.07222556,247309.848034203
497,19,RG14,Lafayette Elementary School,2645 California Ave SW,6/12/2007 12:00:00 AM,,Active,,,215356.00000446,1256930.99994537,356,1256930.99994536,215356.000004441
498,2,RG02,Magnuson Park,7022 Sand Point Way,9/26/2008 12:00:00 AM,,Active,Replaced Temporary RG21,,252395.00010295,1288883.99991113,62,1288883.99991111,252395.000102937
499,16,RG11,"Metro-KC Denny Regulating
",Myrtle Edwards Park,2/1/1970 12:00:00 AM,,Active,,,229312.00001745,1263889.00007986,27,1263889.00007984,229312.000017434
500,32,RG32,Beacon Telemetry Shack,3803 Beacon Ave S,10/2/2015 12:00:00 AM,,Active,New rain gauge,,211326.2500487,1276382.22012348,,1276382.22012347,211326.250048697
501,30,RG30,SPL Rainier Beach Branch,9125 Rainier Ave South,1/2/2009 12:00:00 AM,,Active,,,193528.59211212,1285300.2144358,76,1285300.21443579,193528.592112109
502,5,RG03,UW Hydraulics Lab,NE Pacific St & 15th Ave NE,10/2/2007 12:00:00 AM,,Active,,,240555.00009193,1276066.00002719,60,1276066.00002718,240555.00009191
503,7,RG04,Maple Leaf Reservoir,NE 82nd St & 12th Ave NE,6/12/2007 12:00:00 AM,,Active,Relocated RG04,,255424.00004177,1275798.00002694,30,1275798.00002693,255424.000041753
504,34,RG36,High Point Library,3411 SW Raymond St,10/18/2016 12:00:00 AM,,Active,New rain gauge,,203726.65599363,1259508.12493977,,1259508.12493975,203726.655993611
505,1,RG01,Haller Lake Shop,N. 128th St & Ashworth Ave. N,1/1/1964 12:00:00 AM,,Active,,,266544.00005212,1269466.00002104,400,1269466.00002103,266544.000052109
506,12,RG08,"Ballard Locks
",Building SW of Greenhouse (NW 54th St),3/1/1964 12:00:00 AM,,Active,,,246908.00003384,1255438.99994399,38,1255438.99994397,246908.000033826
507,21,RG15,Puget Sound Clean Air Monitor STA.,4401 E Marginal Way,9/18/2007 12:00:00 AM,,Active,,,209107.99999864,1268314.00001997,26,1268314.00001995,209107.999998629
508,25,RG18,Aki Kurose Middle School,3928 S Graham St,6/12/2007 12:00:00 AM,,Active,,,202887.99999285,1282610.99996929,171,1282610.99996927,202887.999992833
509,24,RG17,"West Seattle Engr. Shop
",8th Ave SW & SW Barton St,4/1/1964 12:00:00 AM,,Active,,,193591.00004819,1267031.99989077,428,1267031.99989076,193591.000048175
510,36,RG34,Fire Station #39,2806 NE 127th St,8/24/2016 12:00:00 AM,,Active,New rain gauge,,266519.63211611,1280084.70319894,,1280084.70319892,266519.632116094
