Property_ID,Square_Footage,Fireplaces,Sale_Price_USD
PROP_001,1570,1,281100.0
PROP_002,2135,2,395900.0
PROP_003,2453,1,442400.0
PROP_004,2067,2,353300.0
PROP_005,1457,0,309600.0
PROP_006,1767,2,330100.0
PROP_007,1472,0,273000.0
PROP_008,2131,2,362000.0
PROP_009,2245,3,391300.0
PROP_010,2471,2,381700.0
PROP_011,1189,2,245700.0
PROP_012,1639,1,366500.0
PROP_013,1968,1,327700.0
PROP_014,1140,1,303400.0
PROP_015,1839,1,369200.0
PROP_016,3046,2,511100.0
PROP_017,2324,1,407300.0
PROP_018,2028,1,358800.0
PROP_019,3136,3,587100.0
PROP_020,2024,3,390500.0
PROP_021,2681,2,497700.0
PROP_022,1489,0,282300.0
PROP_023,2717,3,478800.0
PROP_024,1355,1,269400.0
PROP_025,1808,1,319000.0
PROP_026,2938,1,462400.0
PROP_027,3044,3,550900.0
PROP_028,3597,2,568000.0
PROP_029,1109,1,217600.0
PROP_030,1897,2,339600.0
PROP_031,1976,0,362500.0
PROP_032,2128,2,424300.0
PROP_033,2115,2,413400.0
PROP_034,2924,2,521400.0
PROP_035,1473,1,263200.0
PROP_036,3293,3,563400.0
PROP_037,1323,1,248200.0
PROP_038,2362,2,408500.0
PROP_039,3324,3,562500.0
PROP_040,2902,2,490600.0
PROP_041,1952,1,339000.0
PROP_042,1162,1,256100.00000000003
PROP_043,2340,2,390600.0
PROP_044,1788,1,308000.0
PROP_045,2584,2,414000.0
PROP_046,2733,3,519299.99999999994
PROP_047,3252,3,541900.0
PROP_048,1610,1,316000.0
PROP_049,1484,1,292500.0
PROP_050,1504,1,316600.0
PROP_051,1617,2,303300.0
PROP_052,1575,0,262600.0
PROP_053,3100,3,500100.0
PROP_054,2768,2,411600.0
PROP_055,2993,2,519000.0
PROP_056,2560,3,477400.0
PROP_057,1813,0,333700.0
PROP_058,1182,2,205100.0
PROP_059,2268,1,424200.0
PROP_060,3001,4,514700.00000000006
PROP_061,3148,2,515500.0
PROP_062,1150,0,204500.0
PROP_063,1784,1,327600.0
PROP_064,1816,2,301300.0
PROP_065,2569,3,458400.0
PROP_066,1548,1,300900.0
PROP_067,1980,2,390700.0
PROP_068,1587,0,292400.0
PROP_069,2923,3,479000.0
PROP_070,3181,3,554900.0
PROP_071,3242,3,533800.0
PROP_072,2674,3,447200.0
PROP_073,3301,3,535100.0
PROP_074,1349,1,212600.0
PROP_075,1773,1,309800.0
PROP_076,1537,2,324800.0
PROP_077,3265,3,620200.0
PROP_078,1870,2,332200.0
PROP_079,1367,1,290200.0
PROP_080,3084,2,518700.00000000006
PROP_081,2177,2,351300.0
PROP_082,1335,1,275800.0
PROP_083,1488,1,287100.0
PROP_084,1862,1,382800.0
PROP_085,2948,1,461800.0
PROP_086,3548,3,676100.0
PROP_087,1723,2,364200.0
PROP_088,2352,2,418400.0
PROP_089,1677,1,302100.0
PROP_090,3222,3,539400.0
PROP_091,1534,1,290800.0
PROP_092,3250,3,556900.0
PROP_093,1863,1,350300.0
PROP_094,2429,2,423000.0
PROP_095,3245,3,596100.0
PROP_096,2458,1,429800.0
PROP_097,3582,2,596900.0
PROP_098,1546,0,307500.0
PROP_099,3117,2,493000.0
PROP_100,2431,2,439200.0
PROP_101,1348,1,260800.0
PROP_102,1265,1,212500.0
PROP_103,2458,1,384000.0
PROP_104,2119,3,417100.0
PROP_105,1641,1,328200.0
PROP_106,1858,1,341000.0
PROP_107,3228,4,609100.0
PROP_108,3280,4,585000.0
PROP_109,1896,1,373600.0
PROP_110,1237,1,254100.0
PROP_111,3331,4,574800.0
PROP_112,2453,2,407500.0
PROP_113,2975,1,489200.0
PROP_114,1168,1,226800.0
PROP_115,3200,4,596100.0
PROP_116,2573,2,471200.0
PROP_117,1304,1,261899.99999999997
PROP_118,3273,4,594700.0
PROP_119,1142,0,234500.0
PROP_120,3006,3,531400.0
PROP_121,3258,3,525200.0
PROP_122,1860,2,373500.0
PROP_123,3242,3,548800.0
PROP_124,3094,3,565300.0
PROP_125,3035,3,558900.0
PROP_126,1999,1,341100.0
PROP_127,1459,1,300600.0
PROP_128,2819,3,487800.0
PROP_129,1380,1,256100.00000000003
PROP_130,2987,2,520500.0
PROP_131,1766,1,330000.0
PROP_132,1192,1,237800.0
PROP_133,1771,1,290300.0
PROP_134,3069,3,531300.0
PROP_135,1160,1,289000.0
PROP_136,2128,1,307600.0
PROP_137,2589,2,476100.0
PROP_138,1703,1,339900.0
PROP_139,1781,1,291200.0
PROP_140,2528,2,433500.0
PROP_141,3380,3,556000.0
PROP_142,1623,1,347800.0
PROP_143,3493,2,617500.0
PROP_144,3068,4,571000.0
PROP_145,2201,2,399200.0
PROP_146,2853,2,526800.0
PROP_147,2936,2,506200.0
PROP_148,3396,4,625400.0
PROP_149,3194,3,549400.0
PROP_150,2244,2,385600.0
